-- =============================================================
--  HIRING PLATFORM — SEED DATA
--  Run AFTER schema.sql.
--  Paste into: Supabase Dashboard → SQL Editor → New Query → Run
-- =============================================================

-- ──────────────────────────────────────────────────────────────
-- COLLEGES
-- ──────────────────────────────────────────────────────────────
insert into public.colleges (id, name, city, state, website) values
  ('11111111-0000-0000-0000-000000000001', 'IIT Delhi',         'New Delhi',  'Delhi',        'https://iitd.ac.in'),
  ('11111111-0000-0000-0000-000000000002', 'NIT Trichy',        'Tiruchirappalli', 'Tamil Nadu','https://nitt.edu'),
  ('11111111-0000-0000-0000-000000000003', 'BITS Pilani',       'Pilani',     'Rajasthan',    'https://bits-pilani.ac.in'),
  ('11111111-0000-0000-0000-000000000004', 'IIIT Hyderabad',    'Hyderabad',  'Telangana',    'https://iiit.ac.in'),
  ('11111111-0000-0000-0000-000000000005', 'DTU Delhi',         'New Delhi',  'Delhi',        'https://dtu.ac.in'),
  ('11111111-0000-0000-0000-000000000006', 'IIT Bombay',        'Mumbai',     'Maharashtra',  'https://iitb.ac.in'),
  ('11111111-0000-0000-0000-000000000007', 'VIT Vellore',       'Vellore',    'Tamil Nadu',   'https://vit.ac.in'),
  ('11111111-0000-0000-0000-000000000008', 'NSUT Delhi',        'New Delhi',  'Delhi',        'https://nsut.ac.in');

-- ──────────────────────────────────────────────────────────────
-- COMPANIES
-- ──────────────────────────────────────────────────────────────
insert into public.companies (id, name, website, industry) values
  ('22222222-0000-0000-0000-000000000001', 'Google',     'https://google.com',     'Technology'),
  ('22222222-0000-0000-0000-000000000002', 'Microsoft',  'https://microsoft.com',  'Technology'),
  ('22222222-0000-0000-0000-000000000003', 'Amazon',     'https://amazon.com',     'E-Commerce / Cloud'),
  ('22222222-0000-0000-0000-000000000004', 'Flipkart',   'https://flipkart.com',   'E-Commerce'),
  ('22222222-0000-0000-0000-000000000005', 'Razorpay',   'https://razorpay.com',   'Fintech'),
  ('22222222-0000-0000-0000-000000000006', 'Adobe',      'https://adobe.com',      'Software'),
  ('22222222-0000-0000-0000-000000000007', 'Atlassian',  'https://atlassian.com',  'Software'),
  ('22222222-0000-0000-0000-000000000008', 'Zoho',       'https://zoho.com',       'SaaS');

-- ──────────────────────────────────────────────────────────────
-- SKILLS  (master list)
-- ──────────────────────────────────────────────────────────────
insert into public.skills (id, name) values
  ('33333333-0000-0000-0000-000000000001', 'React'),
  ('33333333-0000-0000-0000-000000000002', 'Next.js'),
  ('33333333-0000-0000-0000-000000000003', 'TypeScript'),
  ('33333333-0000-0000-0000-000000000004', 'Node.js'),
  ('33333333-0000-0000-0000-000000000005', 'System Design'),
  ('33333333-0000-0000-0000-000000000006', 'Python'),
  ('33333333-0000-0000-0000-000000000007', 'Java'),
  ('33333333-0000-0000-0000-000000000008', 'Go'),
  ('33333333-0000-0000-0000-000000000009', 'MongoDB'),
  ('33333333-0000-0000-0000-000000000010', 'PostgreSQL'),
  ('33333333-0000-0000-0000-000000000011', 'Docker'),
  ('33333333-0000-0000-0000-000000000012', 'Kubernetes'),
  ('33333333-0000-0000-0000-000000000013', 'AWS'),
  ('33333333-0000-0000-0000-000000000014', 'Machine Learning'),
  ('33333333-0000-0000-0000-000000000015', 'DSA'),
  ('33333333-0000-0000-0000-000000000016', 'Django'),
  ('33333333-0000-0000-0000-000000000017', 'Vue.js'),
  ('33333333-0000-0000-0000-000000000018', 'Figma'),
  ('33333333-0000-0000-0000-000000000019', 'Tailwind CSS'),
  ('33333333-0000-0000-0000-000000000020', 'Apache Spark'),
  ('33333333-0000-0000-0000-000000000021', 'Kafka'),
  ('33333333-0000-0000-0000-000000000022', 'SQL'),
  ('33333333-0000-0000-0000-000000000023', 'React Native'),
  ('33333333-0000-0000-0000-000000000024', 'Flutter'),
  ('33333333-0000-0000-0000-000000000025', 'Terraform'),
  ('33333333-0000-0000-0000-000000000026', 'Spring Boot'),
  ('33333333-0000-0000-0000-000000000027', 'gRPC'),
  ('33333333-0000-0000-0000-000000000028', 'Redis'),
  ('33333333-0000-0000-0000-000000000029', 'C++'),
  ('33333333-0000-0000-0000-000000000030', 'Azure');

-- ──────────────────────────────────────────────────────────────
-- PLACEMENT DRIVES
-- ──────────────────────────────────────────────────────────────
insert into public.placement_drives (id, college_id, company_id, drive_date, status, description) values
  ('44444444-0000-0000-0000-000000000001', '11111111-0000-0000-0000-000000000001', '22222222-0000-0000-0000-000000000001', '2026-03-15', 'upcoming',  'Google on-campus recruitment drive — IIT Delhi'),
  ('44444444-0000-0000-0000-000000000002', '11111111-0000-0000-0000-000000000001', '22222222-0000-0000-0000-000000000002', '2026-03-20', 'upcoming',  'Microsoft SDE Intern drive — IIT Delhi'),
  ('44444444-0000-0000-0000-000000000003', '11111111-0000-0000-0000-000000000002', '22222222-0000-0000-0000-000000000003', '2026-03-18', 'upcoming',  'Amazon SDE-1 drive — NIT Trichy'),
  ('44444444-0000-0000-0000-000000000004', '11111111-0000-0000-0000-000000000003', '22222222-0000-0000-0000-000000000004', '2026-03-10', 'ongoing',   'Flipkart Backend Engineer drive — BITS Pilani'),
  ('44444444-0000-0000-0000-000000000005', '11111111-0000-0000-0000-000000000004', '22222222-0000-0000-0000-000000000005', '2026-03-12', 'ongoing',   'Razorpay Full Stack Dev drive — IIIT Hyderabad');

-- ──────────────────────────────────────────────────────────────
-- JOB POSTINGS
-- ──────────────────────────────────────────────────────────────
insert into public.job_postings (id, drive_id, company_id, title, description, package_lpa, role_type, status) values
  ('55555555-0000-0000-0000-000000000001', '44444444-0000-0000-0000-000000000001', '22222222-0000-0000-0000-000000000001',
   'SDE-1', 'Software Development Engineer — full stack, focusing on backend systems serving millions of users.', 32.00, 'full_time', 'active'),

  ('55555555-0000-0000-0000-000000000002', '44444444-0000-0000-0000-000000000002', '22222222-0000-0000-0000-000000000002',
   'SDE Intern', 'Summer internship at Microsoft — building features in TypeScript/React for Microsoft Teams.', 25.00, 'internship', 'active'),

  ('55555555-0000-0000-0000-000000000003', '44444444-0000-0000-0000-000000000003', '22222222-0000-0000-0000-000000000003',
   'SDE-1', 'Software Development Engineer at Amazon — distributed systems and Java backend.', 28.00, 'full_time', 'active'),

  ('55555555-0000-0000-0000-000000000004', '44444444-0000-0000-0000-000000000004', '22222222-0000-0000-0000-000000000004',
   'Backend Engineer', 'Backend engineer at Flipkart — Java/Scala microservices, Kafka, SQL.', 22.00, 'full_time', 'active'),

  ('55555555-0000-0000-0000-000000000005', '44444444-0000-0000-0000-000000000005', '22222222-0000-0000-0000-000000000005',
   'Full Stack Dev', 'Full stack developer at Razorpay — React + Go + PostgreSQL in fintech.', 18.00, 'full_time', 'active'),

  (gen_random_uuid(), null, '22222222-0000-0000-0000-000000000001',
   'Senior Frontend Developer', 'We are looking for an experienced frontend developer to lead our web applications team.', 40.00, 'full_time', 'active');

-- ──────────────────────────────────────────────────────────────
-- JOB REQUIREMENTS  (skills per job posting)
-- ──────────────────────────────────────────────────────────────
-- Google SDE-1
insert into public.job_requirements (job_id, skill_id) values
  ('55555555-0000-0000-0000-000000000001', '33333333-0000-0000-0000-000000000015'),  -- DSA
  ('55555555-0000-0000-0000-000000000001', '33333333-0000-0000-0000-000000000005'),  -- System Design
  ('55555555-0000-0000-0000-000000000001', '33333333-0000-0000-0000-000000000001'),  -- React
  ('55555555-0000-0000-0000-000000000001', '33333333-0000-0000-0000-000000000008'),  -- Go
  ('55555555-0000-0000-0000-000000000001', '33333333-0000-0000-0000-000000000006'); -- Python

-- Microsoft SDE Intern
insert into public.job_requirements (job_id, skill_id) values
  ('55555555-0000-0000-0000-000000000002', '33333333-0000-0000-0000-000000000029'), -- C++
  ('55555555-0000-0000-0000-000000000002', '33333333-0000-0000-0000-000000000015'), -- DSA
  ('55555555-0000-0000-0000-000000000002', '33333333-0000-0000-0000-000000000030'), -- Azure
  ('55555555-0000-0000-0000-000000000002', '33333333-0000-0000-0000-000000000003'); -- TypeScript

-- Amazon SDE-1
insert into public.job_requirements (job_id, skill_id) values
  ('55555555-0000-0000-0000-000000000003', '33333333-0000-0000-0000-000000000007'), -- Java
  ('55555555-0000-0000-0000-000000000003', '33333333-0000-0000-0000-000000000013'), -- AWS
  ('55555555-0000-0000-0000-000000000003', '33333333-0000-0000-0000-000000000005'), -- System Design
  ('55555555-0000-0000-0000-000000000003', '33333333-0000-0000-0000-000000000015'); -- DSA

-- Flipkart Backend
insert into public.job_requirements (job_id, skill_id) values
  ('55555555-0000-0000-0000-000000000004', '33333333-0000-0000-0000-000000000007'), -- Java
  ('55555555-0000-0000-0000-000000000004', '33333333-0000-0000-0000-000000000021'), -- Kafka
  ('55555555-0000-0000-0000-000000000004', '33333333-0000-0000-0000-000000000005'), -- System Design
  ('55555555-0000-0000-0000-000000000004', '33333333-0000-0000-0000-000000000022'); -- SQL

-- Razorpay Full Stack
insert into public.job_requirements (job_id, skill_id) values
  ('55555555-0000-0000-0000-000000000005', '33333333-0000-0000-0000-000000000001'), -- React
  ('55555555-0000-0000-0000-000000000005', '33333333-0000-0000-0000-000000000008'), -- Go
  ('55555555-0000-0000-0000-000000000005', '33333333-0000-0000-0000-000000000010'), -- PostgreSQL
  ('55555555-0000-0000-0000-000000000005', '33333333-0000-0000-0000-000000000011'); -- Docker

-- NOTE: Students, resumes, and applications are NOT seeded here
-- because they are linked to real Supabase Auth user IDs.
-- Sign up as a student via the app and the profile row is auto-created.
-- You can then insert student details manually via the Table Editor
-- or by using the app's UI once forms are wired to Supabase.
